date,year,month,fwi
1900-01-01,1900,1,4.99
1900-02-01,1900,2,5.72
1900-03-01,1900,3,9.3
1900-04-01,1900,4,12.51
1900-05-01,1900,5,9.53
1900-06-01,1900,6,9.0
1900-07-01,1900,7,11.16
1900-08-01,1900,8,7.53
1900-09-01,1900,9,3.06
1900-10-01,1900,10,3.62
1900-11-01,1900,11,1.07
1900-12-01,1900,12,1.6
1901-01-01,1901,1,4.74
1901-02-01,1901,2,2.43
1901-03-01,1901,3,4.8
1901-04-01,1901,4,8.59
1901-05-01,1901,5,8.23
1901-06-01,1901,6,10.35
1901-07-01,1901,7,6.44
1901-08-01,1901,8,3.43
1901-09-01,1901,9,7.19
1901-10-01,1901,10,2.34
1901-11-01,1901,11,2.39
1901-12-01,1901,12,0.0
1902-01-01,1902,1,3.41
1902-02-01,1902,2,6.73
1902-03-01,1902,3,6.2
1902-04-01,1902,4,10.72
1902-05-01,1902,5,9.3
1902-06-01,1902,6,9.38
1902-07-01,1902,7,7.3
1902-08-01,1902,8,10.21
1902-09-01,1902,9,4.48
1902-10-01,1902,10,0.92
1902-11-01,1902,11,4.15
1902-12-01,1902,12,0.6
1903-01-01,1903,1,5.16
1903-02-01,1903,2,2.82
1903-03-01,1903,3,6.08
1903-04-01,1903,4,10.6
1903-05-01,1903,5,12.22
1903-06-01,1903,6,10.55
1903-07-01,1903,7,8.51
1903-08-01,1903,8,6.14
1903-09-01,1903,9,1.78
1903-10-01,1903,10,1.84
1903-11-01,1903,11,1.82
1903-12-01,1903,12,5.39
1904-01-01,1904,1,5.65
1904-02-01,1904,2,3.44
1904-03-01,1904,3,9.61
1904-04-01,1904,4,9.66
1904-05-01,1904,5,9.61
1904-06-01,1904,6,11.65
1904-07-01,1904,7,11.02
1904-08-01,1904,8,8.82
1904-09-01,1904,9,3.28
1904-10-01,1904,10,2.88
1904-11-01,1904,11,3.62
1904-12-01,1904,12,5.45
1905-01-01,1905,1,4.2
1905-02-01,1905,2,6.79
1905-03-01,1905,3,6.95
1905-04-01,1905,4,8.23
1905-05-01,1905,5,12.79
1905-06-01,1905,6,13.34
1905-07-01,1905,7,9.02
1905-08-01,1905,8,9.17
1905-09-01,1905,9,5.88
1905-10-01,1905,10,2.41
1905-11-01,1905,11,3.88
1905-12-01,1905,12,6.77
1906-01-01,1906,1,5.26
1906-02-01,1906,2,10.46
1906-03-01,1906,3,4.09
1906-04-01,1906,4,12.44
1906-05-01,1906,5,11.51
1906-06-01,1906,6,10.2
1906-07-01,1906,7,9.52
1906-08-01,1906,8,3.36
1906-09-01,1906,9,4.89
1906-10-01,1906,10,4.58
1906-11-01,1906,11,6.29
1906-12-01,1906,12,2.83
1907-01-01,1907,1,3.86
1907-02-01,1907,2,6.47
1907-03-01,1907,3,11.31
1907-04-01,1907,4,11.6
1907-05-01,1907,5,10.42
1907-06-01,1907,6,11.97
1907-07-01,1907,7,9.67
1907-08-01,1907,8,9.41
1907-09-01,1907,9,4.07
1907-10-01,1907,10,3.36
1907-11-01,1907,11,2.69
1907-12-01,1907,12,1.09
1908-01-01,1908,1,6.18
1908-02-01,1908,2,8.11
1908-03-01,1908,3,9.6
1908-04-01,1908,4,10.58
1908-05-01,1908,5,8.76
1908-06-01,1908,6,10.21
1908-07-01,1908,7,8.9
1908-08-01,1908,8,5.98
1908-09-01,1908,9,5.26
1908-10-01,1908,10,4.93
1908-11-01,1908,11,7.36
1908-12-01,1908,12,4.47
1909-01-01,1909,1,6.18
1909-02-01,1909,2,7.51
1909-03-01,1909,3,5.82
1909-04-01,1909,4,11.07
1909-05-01,1909,5,11.78
1909-06-01,1909,6,16.05
1909-07-01,1909,7,9.28
1909-08-01,1909,8,8.26
1909-09-01,1909,9,5.59
1909-10-01,1909,10,1.86
1909-11-01,1909,11,5.95
1909-12-01,1909,12,5.7
1910-01-01,1910,1,7.28
1910-02-01,1910,2,5.88
1910-03-01,1910,3,12.51
1910-04-01,1910,4,8.36
1910-05-01,1910,5,12.87
1910-06-01,1910,6,15.55
1910-07-01,1910,7,7.72
1910-08-01,1910,8,6.57
1910-09-01,1910,9,5.9
1910-10-01,1910,10,3.23
1910-11-01,1910,11,0.6
1910-12-01,1910,12,4.37
1911-01-01,1911,1,3.58
1911-02-01,1911,2,8.65
1911-03-01,1911,3,7.86
1911-04-01,1911,4,14.27
1911-05-01,1911,5,10.14
1911-06-01,1911,6,10.52
1911-07-01,1911,7,11.33
1911-08-01,1911,8,5.24
1911-09-01,1911,9,6.16
1911-10-01,1911,10,6.85
1911-11-01,1911,11,0.49
1911-12-01,1911,12,4.61
1912-01-01,1912,1,6.19
1912-02-01,1912,2,9.23
1912-03-01,1912,3,7.19
1912-04-01,1912,4,8.49
1912-05-01,1912,5,12.71
1912-06-01,1912,6,11.72
1912-07-01,1912,7,10.17
1912-08-01,1912,8,8.36
1912-09-01,1912,9,4.31
1912-10-01,1912,10,4.67
1912-11-01,1912,11,4.25
1912-12-01,1912,12,2.77
1913-01-01,1913,1,9.33
1913-02-01,1913,2,8.54
1913-03-01,1913,3,7.21
1913-04-01,1913,4,12.37
1913-05-01,1913,5,9.65
1913-06-01,1913,6,12.63
1913-07-01,1913,7,11.91
1913-08-01,1913,8,5.96
1913-09-01,1913,9,7.52
1913-10-01,1913,10,4.96
1913-11-01,1913,11,5.24
1913-12-01,1913,12,7.93
1914-01-01,1914,1,5.0
1914-02-01,1914,2,5.99
1914-03-01,1914,3,7.71
1914-04-01,1914,4,9.33
1914-05-01,1914,5,11.34
1914-06-01,1914,6,11.64
1914-07-01,1914,7,10.05
1914-08-01,1914,8,9.15
1914-09-01,1914,9,5.52
1914-10-01,1914,10,6.94
1914-11-01,1914,11,2.96
1914-12-01,1914,12,9.47
1915-01-01,1915,1,6.61
1915-02-01,1915,2,5.65
1915-03-01,1915,3,7.22
1915-04-01,1915,4,11.79
1915-05-01,1915,5,10.91
1915-06-01,1915,6,12.25
1915-07-01,1915,7,10.31
1915-08-01,1915,8,7.22
1915-09-01,1915,9,3.67
1915-10-01,1915,10,0.87
1915-11-01,1915,11,2.47
1915-12-01,1915,12,5.61
1916-01-01,1916,1,5.63
1916-02-01,1916,2,4.71
1916-03-01,1916,3,9.55
1916-04-01,1916,4,11.44
1916-05-01,1916,5,9.43
1916-06-01,1916,6,10.97
1916-07-01,1916,7,9.32
1916-08-01,1916,8,4.92
1916-09-01,1916,9,5.92
1916-10-01,1916,10,4.86
1916-11-01,1916,11,5.37
1916-12-01,1916,12,5.85
1917-01-01,1917,1,2.27
1917-02-01,1917,2,5.15
1917-03-01,1917,3,10.05
1917-04-01,1917,4,11.51
1917-05-01,1917,5,12.05
1917-06-01,1917,6,18.19
1917-07-01,1917,7,10.16
1917-08-01,1917,8,9.29
1917-09-01,1917,9,6.93
1917-10-01,1917,10,4.86
1917-11-01,1917,11,2.39
1917-12-01,1917,12,5.07
1918-01-01,1918,1,3.28
1918-02-01,1918,2,6.35
1918-03-01,1918,3,7.85
1918-04-01,1918,4,10.45
1918-05-01,1918,5,15.45
1918-06-01,1918,6,6.55
1918-07-01,1918,7,10.2
1918-08-01,1918,8,3.6
1918-09-01,1918,9,3.88
1918-10-01,1918,10,5.54
1918-11-01,1918,11,2.95
1918-12-01,1918,12,1.2
1919-01-01,1919,1,3.18
1919-02-01,1919,2,7.97
1919-03-01,1919,3,7.15
1919-04-01,1919,4,10.51
1919-05-01,1919,5,10.71
1919-06-01,1919,6,8.78
1919-07-01,1919,7,12.9
1919-08-01,1919,8,7.88
1919-09-01,1919,9,0.56
1919-10-01,1919,10,3.52
1919-11-01,1919,11,1.29
1919-12-01,1919,12,4.86
1920-01-01,1920,1,2.81
1920-02-01,1920,2,6.17
1920-03-01,1920,3,9.41
1920-04-01,1920,4,11.6
1920-05-01,1920,5,8.0
1920-06-01,1920,6,9.2
1920-07-01,1920,7,7.45
1920-08-01,1920,8,5.09
1920-09-01,1920,9,7.93
1920-10-01,1920,10,3.75
1920-11-01,1920,11,0.0
1920-12-01,1920,12,4.77
1921-01-01,1921,1,8.43
1921-02-01,1921,2,8.25
1921-03-01,1921,3,5.15
1921-04-01,1921,4,8.68
1921-05-01,1921,5,12.72
1921-06-01,1921,6,8.23
1921-07-01,1921,7,9.07
1921-08-01,1921,8,7.73
1921-09-01,1921,9,2.33
1921-10-01,1921,10,2.6
1921-11-01,1921,11,0.0
1921-12-01,1921,12,0.67
1922-01-01,1922,1,3.47
1922-02-01,1922,2,3.48
1922-03-01,1922,3,11.24
1922-04-01,1922,4,6.58
1922-05-01,1922,5,9.1
1922-06-01,1922,6,9.7
1922-07-01,1922,7,10.86
1922-08-01,1922,8,3.1
1922-09-01,1922,9,6.3
1922-10-01,1922,10,2.53
1922-11-01,1922,11,0.01
1922-12-01,1922,12,3.44
1923-01-01,1923,1,4.18
1923-02-01,1923,2,4.58
1923-03-01,1923,3,7.92
1923-04-01,1923,4,8.47
1923-05-01,1923,5,10.01
1923-06-01,1923,6,10.57
1923-07-01,1923,7,10.95
1923-08-01,1923,8,3.3
1923-09-01,1923,9,8.05
1923-10-01,1923,10,0.0
1923-11-01,1923,11,1.48
1923-12-01,1923,12,3.49
1924-01-01,1924,1,4.16
1924-02-01,1924,2,4.35
1924-03-01,1924,3,7.18
1924-04-01,1924,4,8.08
1924-05-01,1924,5,8.42
1924-06-01,1924,6,10.76
1924-07-01,1924,7,8.31
1924-08-01,1924,8,4.21
1924-09-01,1924,9,5.4
1924-10-01,1924,10,2.75
1924-11-01,1924,11,3.22
1924-12-01,1924,12,3.39
1925-01-01,1925,1,1.78
1925-02-01,1925,2,4.32
1925-03-01,1925,3,8.93
1925-04-01,1925,4,10.12
1925-05-01,1925,5,9.4
1925-06-01,1925,6,9.14
1925-07-01,1925,7,9.99
1925-08-01,1925,8,4.26
1925-09-01,1925,9,4.53
1925-10-01,1925,10,1.57
1925-11-01,1925,11,1.0
1925-12-01,1925,12,4.17
1926-01-01,1926,1,4.96
1926-02-01,1926,2,6.93
1926-03-01,1926,3,9.92
1926-04-01,1926,4,8.81
1926-05-01,1926,5,10.67
1926-06-01,1926,6,8.15
1926-07-01,1926,7,7.95
1926-08-01,1926,8,5.05
1926-09-01,1926,9,3.5
1926-10-01,1926,10,3.03
1926-11-01,1926,11,0.0
1926-12-01,1926,12,6.03
1927-01-01,1927,1,1.19
1927-02-01,1927,2,2.78
1927-03-01,1927,3,9.52
1927-04-01,1927,4,10.25
1927-05-01,1927,5,10.45
1927-06-01,1927,6,9.92
1927-07-01,1927,7,7.18
1927-08-01,1927,8,3.41
1927-09-01,1927,9,3.36
1927-10-01,1927,10,0.39
1927-11-01,1927,11,3.15
1927-12-01,1927,12,1.45
1928-01-01,1928,1,1.48
1928-02-01,1928,2,4.49
1928-03-01,1928,3,7.96
1928-04-01,1928,4,7.47
1928-05-01,1928,5,7.49
1928-06-01,1928,6,9.08
1928-07-01,1928,7,7.62
1928-08-01,1928,8,4.12
1928-09-01,1928,9,2.19
1928-10-01,1928,10,2.13
1928-11-01,1928,11,0.0
1928-12-01,1928,12,0.0
1929-01-01,1929,1,1.66
1929-02-01,1929,2,4.67
1929-03-01,1929,3,7.72
1929-04-01,1929,4,11.51
1929-05-01,1929,5,10.81
1929-06-01,1929,6,8.24
1929-07-01,1929,7,7.06
1929-08-01,1929,8,3.09
1929-09-01,1929,9,3.06
1929-10-01,1929,10,1.06
1929-11-01,1929,11,1.74
1929-12-01,1929,12,0.0
1930-01-01,1930,1,4.14
1930-02-01,1930,2,8.17
1930-03-01,1930,3,6.88
1930-04-01,1930,4,9.37
1930-05-01,1930,5,10.48
1930-06-01,1930,6,7.76
1930-07-01,1930,7,7.55
1930-08-01,1930,8,5.13
1930-09-01,1930,9,3.3
1930-10-01,1930,10,0.09
1930-11-01,1930,11,1.15
1930-12-01,1930,12,2.63
1931-01-01,1931,1,6.04
1931-02-01,1931,2,7.06
1931-03-01,1931,3,11.44
1931-04-01,1931,4,7.07
1931-05-01,1931,5,10.88
1931-06-01,1931,6,8.97
1931-07-01,1931,7,11.52
1931-08-01,1931,8,3.52
1931-09-01,1931,9,1.46
1931-10-01,1931,10,0.48
1931-11-01,1931,11,0.0
1931-12-01,1931,12,0.62
1932-01-01,1932,1,1.7
1932-02-01,1932,2,5.51
1932-03-01,1932,3,7.9
1932-04-01,1932,4,12.43
1932-05-01,1932,5,11.11
1932-06-01,1932,6,7.52
1932-07-01,1932,7,5.42
1932-08-01,1932,8,6.2
1932-09-01,1932,9,0.57
1932-10-01,1932,10,5.41
1932-11-01,1932,11,3.57
1932-12-01,1932,12,0.81
1933-01-01,1933,1,0.0
1933-02-01,1933,2,8.03
1933-03-01,1933,3,7.09
1933-04-01,1933,4,11.26
1933-05-01,1933,5,6.13
1933-06-01,1933,6,7.59
1933-07-01,1933,7,7.33
1933-08-01,1933,8,5.42
1933-09-01,1933,9,2.42
1933-10-01,1933,10,3.11
1933-11-01,1933,11,0.0
1933-12-01,1933,12,1.57
1934-01-01,1934,1,3.71
1934-02-01,1934,2,6.5
1934-03-01,1934,3,8.89
1934-04-01,1934,4,6.68
1934-05-01,1934,5,6.4
1934-06-01,1934,6,11.49
1934-07-01,1934,7,8.13
1934-08-01,1934,8,3.97
1934-09-01,1934,9,6.57
1934-10-01,1934,10,2.23
1934-11-01,1934,11,3.83
1934-12-01,1934,12,2.14
1935-01-01,1935,1,7.76
1935-02-01,1935,2,9.15
1935-03-01,1935,3,7.14
1935-04-01,1935,4,11.05
1935-05-01,1935,5,10.93
1935-06-01,1935,6,11.84
1935-07-01,1935,7,5.71
1935-08-01,1935,8,7.01
1935-09-01,1935,9,5.76
1935-10-01,1935,10,0.0
1935-11-01,1935,11,0.0
1935-12-01,1935,12,0.0
1936-01-01,1936,1,3.3
1936-02-01,1936,2,7.27
1936-03-01,1936,3,10.84
1936-04-01,1936,4,9.45
1936-05-01,1936,5,13.1
1936-06-01,1936,6,6.54
1936-07-01,1936,7,4.43
1936-08-01,1936,8,5.73
1936-09-01,1936,9,4.61
1936-10-01,1936,10,2.31
1936-11-01,1936,11,0.0
1936-12-01,1936,12,2.2
1937-01-01,1937,1,1.45
1937-02-01,1937,2,7.4
1937-03-01,1937,3,8.79
1937-04-01,1937,4,7.64
1937-05-01,1937,5,9.03
1937-06-01,1937,6,7.4
1937-07-01,1937,7,7.93
1937-08-01,1937,8,7.97
1937-09-01,1937,9,2.09
1937-10-01,1937,10,3.6
1937-11-01,1937,11,1.0
1937-12-01,1937,12,1.01
1938-01-01,1938,1,4.08
1938-02-01,1938,2,4.23
1938-03-01,1938,3,7.19
1938-04-01,1938,4,7.36
1938-05-01,1938,5,14.23
1938-06-01,1938,6,9.83
1938-07-01,1938,7,6.9
1938-08-01,1938,8,6.72
1938-09-01,1938,9,4.07
1938-10-01,1938,10,2.39
1938-11-01,1938,11,3.52
1938-12-01,1938,12,4.35
1939-01-01,1939,1,3.48
1939-02-01,1939,2,5.39
1939-03-01,1939,3,8.0
1939-04-01,1939,4,5.41
1939-05-01,1939,5,7.51
1939-06-01,1939,6,12.74
1939-07-01,1939,7,11.84
1939-08-01,1939,8,6.05
1939-09-01,1939,9,5.7
1939-10-01,1939,10,3.7
1939-11-01,1939,11,8.7
1939-12-01,1939,12,5.32
1940-01-01,1940,1,4.54
1940-02-01,1940,2,4.89
1940-03-01,1940,3,5.59
1940-04-01,1940,4,10.67
1940-05-01,1940,5,9.29
1940-06-01,1940,6,7.42
1940-07-01,1940,7,7.51
1940-08-01,1940,8,4.64
1940-09-01,1940,9,8.17
1940-10-01,1940,10,5.1
1940-11-01,1940,11,2.78
1940-12-01,1940,12,6.3
1941-01-01,1941,1,5.21
1941-02-01,1941,2,5.33
1941-03-01,1941,3,12.1
1941-04-01,1941,4,11.6
1941-05-01,1941,5,8.98
1941-06-01,1941,6,10.14
1941-07-01,1941,7,7.3
1941-08-01,1941,8,4.29
1941-09-01,1941,9,6.91
1941-10-01,1941,10,7.41
1941-11-01,1941,11,0.26
1941-12-01,1941,12,4.72
1942-01-01,1942,1,4.0
1942-02-01,1942,2,6.33
1942-03-01,1942,3,8.12
1942-04-01,1942,4,9.04
1942-05-01,1942,5,11.4
1942-06-01,1942,6,9.11
1942-07-01,1942,7,9.84
1942-08-01,1942,8,7.2
1942-09-01,1942,9,4.83
1942-10-01,1942,10,2.02
1942-11-01,1942,11,2.15
1942-12-01,1942,12,5.35
1943-01-01,1943,1,6.54
1943-02-01,1943,2,5.59
1943-03-01,1943,3,9.74
1943-04-01,1943,4,12.51
1943-05-01,1943,5,8.2
1943-06-01,1943,6,12.09
1943-07-01,1943,7,8.22
1943-08-01,1943,8,8.68
1943-09-01,1943,9,4.01
1943-10-01,1943,10,0.47
1943-11-01,1943,11,0.29
1943-12-01,1943,12,4.17
1944-01-01,1944,1,6.28
1944-02-01,1944,2,5.95
1944-03-01,1944,3,11.04
1944-04-01,1944,4,7.9
1944-05-01,1944,5,11.63
1944-06-01,1944,6,8.8
1944-07-01,1944,7,8.46
1944-08-01,1944,8,7.86
1944-09-01,1944,9,4.04
1944-10-01,1944,10,3.53
1944-11-01,1944,11,5.77
1944-12-01,1944,12,3.14
1945-01-01,1945,1,7.63
1945-02-01,1945,2,5.7
1945-03-01,1945,3,11.02
1945-04-01,1945,4,14.31
1945-05-01,1945,5,7.02
1945-06-01,1945,6,9.83
1945-07-01,1945,7,11.11
1945-08-01,1945,8,7.55
1945-09-01,1945,9,6.7
1945-10-01,1945,10,3.29
1945-11-01,1945,11,4.13
1945-12-01,1945,12,4.19
1946-01-01,1946,1,8.47
1946-02-01,1946,2,8.64
1946-03-01,1946,3,10.81
1946-04-01,1946,4,10.77
1946-05-01,1946,5,11.16
1946-06-01,1946,6,10.73
1946-07-01,1946,7,10.92
1946-08-01,1946,8,7.29
1946-09-01,1946,9,6.71
1946-10-01,1946,10,8.82
1946-11-01,1946,11,5.88
1946-12-01,1946,12,4.02
1947-01-01,1947,1,8.68
1947-02-01,1947,2,7.46
1947-03-01,1947,3,6.2
1947-04-01,1947,4,9.72
1947-05-01,1947,5,8.53
1947-06-01,1947,6,11.04
1947-07-01,1947,7,10.31
1947-08-01,1947,8,11.63
1947-09-01,1947,9,6.93
1947-10-01,1947,10,4.37
1947-11-01,1947,11,5.94
1947-12-01,1947,12,0.39
1948-01-01,1948,1,6.86
1948-02-01,1948,2,9.93
1948-03-01,1948,3,7.43
1948-04-01,1948,4,14.14
1948-05-01,1948,5,13.06
1948-06-01,1948,6,11.02
1948-07-01,1948,7,11.65
1948-08-01,1948,8,12.93
1948-09-01,1948,9,6.75
1948-10-01,1948,10,5.42
1948-11-01,1948,11,3.47
1948-12-01,1948,12,3.22
1949-01-01,1949,1,8.12
1949-02-01,1949,2,6.75
1949-03-01,1949,3,10.6
1949-04-01,1949,4,10.97
1949-05-01,1949,5,13.42
1949-06-01,1949,6,12.59
1949-07-01,1949,7,12.54
1949-08-01,1949,8,7.44
1949-09-01,1949,9,5.92
1949-10-01,1949,10,3.04
1949-11-01,1949,11,3.57
1949-12-01,1949,12,5.75
1950-01-01,1950,1,8.01
1950-02-01,1950,2,6.66
1950-03-01,1950,3,12.24
1950-04-01,1950,4,14.68
1950-05-01,1950,5,13.33
1950-06-01,1950,6,15.72
1950-07-01,1950,7,8.95
1950-08-01,1950,8,6.01
1950-09-01,1950,9,2.94
1950-10-01,1950,10,8.03
1950-11-01,1950,11,5.81
1950-12-01,1950,12,4.92
1951-01-01,1951,1,7.06
1951-02-01,1951,2,6.25
1951-03-01,1951,3,15.39
1951-04-01,1951,4,12.22
1951-05-01,1951,5,12.72
1951-06-01,1951,6,13.42
1951-07-01,1951,7,11.46
1951-08-01,1951,8,8.95
1951-09-01,1951,9,4.92
1951-10-01,1951,10,5.98
1951-11-01,1951,11,8.27
1951-12-01,1951,12,7.73
1952-01-01,1952,1,9.65
1952-02-01,1952,2,7.44
1952-03-01,1952,3,8.49
1952-04-01,1952,4,11.68
1952-05-01,1952,5,12.58
1952-06-01,1952,6,14.12
1952-07-01,1952,7,7.08
1952-08-01,1952,8,11.53
1952-09-01,1952,9,6.15
1952-10-01,1952,10,4.15
1952-11-01,1952,11,2.44
1952-12-01,1952,12,1.69
1953-01-01,1953,1,8.04
1953-02-01,1953,2,8.54
1953-03-01,1953,3,7.82
1953-04-01,1953,4,9.27
1953-05-01,1953,5,11.72
1953-06-01,1953,6,15.2
1953-07-01,1953,7,9.88
1953-08-01,1953,8,5.39
1953-09-01,1953,9,5.91
1953-10-01,1953,10,4.39
1953-11-01,1953,11,0.0
1953-12-01,1953,12,4.82
1954-01-01,1954,1,5.83
1954-02-01,1954,2,9.69
1954-03-01,1954,3,13.99
1954-04-01,1954,4,14.01
1954-05-01,1954,5,11.76
1954-06-01,1954,6,9.54
1954-07-01,1954,7,15.44
1954-08-01,1954,8,8.41
1954-09-01,1954,9,6.32
1954-10-01,1954,10,4.78
1954-11-01,1954,11,4.69
1954-12-01,1954,12,4.54
1955-01-01,1955,1,5.01
1955-02-01,1955,2,7.07
1955-03-01,1955,3,10.1
1955-04-01,1955,4,10.54
1955-05-01,1955,5,10.73
1955-06-01,1955,6,11.84
1955-07-01,1955,7,9.65
1955-08-01,1955,8,11.17
1955-09-01,1955,9,0.86
1955-10-01,1955,10,6.88
1955-11-01,1955,11,6.65
1955-12-01,1955,12,0.55
1956-01-01,1956,1,5.32
1956-02-01,1956,2,7.26
1956-03-01,1956,3,7.19
1956-04-01,1956,4,9.91
1956-05-01,1956,5,9.78
1956-06-01,1956,6,14.97
1956-07-01,1956,7,11.87
1956-08-01,1956,8,10.54
1956-09-01,1956,9,7.45
1956-10-01,1956,10,2.28
1956-11-01,1956,11,2.95
1956-12-01,1956,12,5.52
1957-01-01,1957,1,3.38
1957-02-01,1957,2,9.25
1957-03-01,1957,3,9.34
1957-04-01,1957,4,10.54
1957-05-01,1957,5,13.24
1957-06-01,1957,6,12.17
1957-07-01,1957,7,9.1
1957-08-01,1957,8,10.14
1957-09-01,1957,9,3.66
1957-10-01,1957,10,5.59
1957-11-01,1957,11,5.01
1957-12-01,1957,12,3.74
1958-01-01,1958,1,6.28
1958-02-01,1958,2,5.12
1958-03-01,1958,3,11.47
1958-04-01,1958,4,10.72
1958-05-01,1958,5,10.58
1958-06-01,1958,6,13.19
1958-07-01,1958,7,8.21
1958-08-01,1958,8,4.81
1958-09-01,1958,9,2.51
1958-10-01,1958,10,5.37
1958-11-01,1958,11,1.06
1958-12-01,1958,12,7.67
1959-01-01,1959,1,1.25
1959-02-01,1959,2,10.81
1959-03-01,1959,3,9.84
1959-04-01,1959,4,10.69
1959-05-01,1959,5,10.32
1959-06-01,1959,6,11.68
1959-07-01,1959,7,9.34
1959-08-01,1959,8,9.62
1959-09-01,1959,9,5.64
1959-10-01,1959,10,4.25
1959-11-01,1959,11,2.69
1959-12-01,1959,12,3.84
1960-01-01,1960,1,5.82
1960-02-01,1960,2,3.78
1960-03-01,1960,3,6.5
1960-04-01,1960,4,12.15
1960-05-01,1960,5,11.54
1960-06-01,1960,6,10.3
1960-07-01,1960,7,9.24
1960-08-01,1960,8,7.9
1960-09-01,1960,9,4.12
1960-10-01,1960,10,2.18
1960-11-01,1960,11,3.59
1960-12-01,1960,12,1.78
1961-01-01,1961,1,5.8
1961-02-01,1961,2,3.58
1961-03-01,1961,3,11.04
1961-04-01,1961,4,11.39
1961-05-01,1961,5,11.5
1961-06-01,1961,6,12.41
1961-07-01,1961,7,12.32
1961-08-01,1961,8,9.01
1961-09-01,1961,9,1.3
1961-10-01,1961,10,0.96
1961-11-01,1961,11,1.74
1961-12-01,1961,12,3.57
1962-01-01,1962,1,5.81
1962-02-01,1962,2,5.32
1962-03-01,1962,3,9.15
1962-04-01,1962,4,8.73
1962-05-01,1962,5,9.55
1962-06-01,1962,6,7.43
1962-07-01,1962,7,6.93
1962-08-01,1962,8,4.07
1962-09-01,1962,9,2.82
1962-10-01,1962,10,5.42
1962-11-01,1962,11,0.88
1962-12-01,1962,12,8.58
1963-01-01,1963,1,5.57
1963-02-01,1963,2,6.95
1963-03-01,1963,3,6.86
1963-04-01,1963,4,11.44
1963-05-01,1963,5,9.43
1963-06-01,1963,6,10.29
1963-07-01,1963,7,13.7
1963-08-01,1963,8,6.39
1963-09-01,1963,9,6.88
1963-10-01,1963,10,1.71
1963-11-01,1963,11,2.51
1963-12-01,1963,12,6.66
1964-01-01,1964,1,3.14
1964-02-01,1964,2,10.02
1964-03-01,1964,3,9.81
1964-04-01,1964,4,8.74
1964-05-01,1964,5,11.66
1964-06-01,1964,6,11.81
1964-07-01,1964,7,9.64
1964-08-01,1964,8,3.26
1964-09-01,1964,9,2.94
1964-10-01,1964,10,2.44
1964-11-01,1964,11,2.25
1964-12-01,1964,12,4.18
1965-01-01,1965,1,4.59
1965-02-01,1965,2,3.57
1965-03-01,1965,3,9.0
1965-04-01,1965,4,10.92
1965-05-01,1965,5,11.36
1965-06-01,1965,6,11.87
1965-07-01,1965,7,9.91
1965-08-01,1965,8,7.16
1965-09-01,1965,9,4.1
1965-10-01,1965,10,0.0
1965-11-01,1965,11,3.1
1965-12-01,1965,12,3.19
1966-01-01,1966,1,4.65
1966-02-01,1966,2,3.55
1966-03-01,1966,3,5.94
1966-04-01,1966,4,11.68
1966-05-01,1966,5,10.03
1966-06-01,1966,6,10.93
1966-07-01,1966,7,8.16
1966-08-01,1966,8,6.17
1966-09-01,1966,9,5.98
1966-10-01,1966,10,1.61
1966-11-01,1966,11,2.3
1966-12-01,1966,12,1.72
1967-01-01,1967,1,3.13
1967-02-01,1967,2,5.39
1967-03-01,1967,3,8.45
1967-04-01,1967,4,8.51
1967-05-01,1967,5,12.52
1967-06-01,1967,6,7.68
1967-07-01,1967,7,7.63
1967-08-01,1967,8,5.12
1967-09-01,1967,9,6.9
1967-10-01,1967,10,2.93
1967-11-01,1967,11,4.07
1967-12-01,1967,12,0.0
1968-01-01,1968,1,4.47
1968-02-01,1968,2,7.71
1968-03-01,1968,3,8.1
1968-04-01,1968,4,11.53
1968-05-01,1968,5,8.9
1968-06-01,1968,6,12.22
1968-07-01,1968,7,12.53
1968-08-01,1968,8,5.21
1968-09-01,1968,9,3.04
1968-10-01,1968,10,5.38
1968-11-01,1968,11,5.09
1968-12-01,1968,12,1.42
1969-01-01,1969,1,3.06
1969-02-01,1969,2,5.33
1969-03-01,1969,3,5.21
1969-04-01,1969,4,7.53
1969-05-01,1969,5,7.89
1969-06-01,1969,6,7.83
1969-07-01,1969,7,7.83
1969-08-01,1969,8,6.37
1969-09-01,1969,9,7.0
1969-10-01,1969,10,0.44
1969-11-01,1969,11,3.87
1969-12-01,1969,12,2.01
1970-01-01,1970,1,3.8
1970-02-01,1970,2,7.25
1970-03-01,1970,3,5.65
1970-04-01,1970,4,10.13
1970-05-01,1970,5,10.23
1970-06-01,1970,6,10.35
1970-07-01,1970,7,8.48
1970-08-01,1970,8,10.81
1970-09-01,1970,9,2.62
1970-10-01,1970,10,1.37
1970-11-01,1970,11,0.65
1970-12-01,1970,12,1.32
1971-01-01,1971,1,2.66
1971-02-01,1971,2,8.32
1971-03-01,1971,3,10.78
1971-04-01,1971,4,8.26
1971-05-01,1971,5,8.27
1971-06-01,1971,6,10.35
1971-07-01,1971,7,6.83
1971-08-01,1971,8,7.2
1971-09-01,1971,9,4.34
1971-10-01,1971,10,0.0
1971-11-01,1971,11,5.03
1971-12-01,1971,12,6.07
1972-01-01,1972,1,2.79
1972-02-01,1972,2,5.24
1972-03-01,1972,3,8.59
1972-04-01,1972,4,10.15
1972-05-01,1972,5,11.33
1972-06-01,1972,6,13.5
1972-07-01,1972,7,7.66
1972-08-01,1972,8,4.42
1972-09-01,1972,9,1.25
1972-10-01,1972,10,1.09
1972-11-01,1972,11,1.95
1972-12-01,1972,12,6.14
1973-01-01,1973,1,3.09
1973-02-01,1973,2,6.57
1973-03-01,1973,3,8.09
1973-04-01,1973,4,11.96
1973-05-01,1973,5,15.18
1973-06-01,1973,6,8.53
1973-07-01,1973,7,7.14
1973-08-01,1973,8,8.21
1973-09-01,1973,9,5.49
1973-10-01,1973,10,6.35
1973-11-01,1973,11,3.29
1973-12-01,1973,12,1.94
1974-01-01,1974,1,5.45
1974-02-01,1974,2,8.48
1974-03-01,1974,3,9.91
1974-04-01,1974,4,10.75
1974-05-01,1974,5,12.4
1974-06-01,1974,6,12.07
1974-07-01,1974,7,11.03
1974-08-01,1974,8,7.56
1974-09-01,1974,9,3.93
1974-10-01,1974,10,3.1
1974-11-01,1974,11,4.68
1974-12-01,1974,12,1.17
1975-01-01,1975,1,5.18
1975-02-01,1975,2,5.65
1975-03-01,1975,3,8.5
1975-04-01,1975,4,12.46
1975-05-01,1975,5,10.82
1975-06-01,1975,6,10.0
1975-07-01,1975,7,5.72
1975-08-01,1975,8,7.93
1975-09-01,1975,9,5.73
1975-10-01,1975,10,7.3
1975-11-01,1975,11,1.82
1975-12-01,1975,12,3.41
1976-01-01,1976,1,5.14
1976-02-01,1976,2,9.79
1976-03-01,1976,3,8.45
1976-04-01,1976,4,10.66
1976-05-01,1976,5,11.85
1976-06-01,1976,6,10.48
1976-07-01,1976,7,7.75
1976-08-01,1976,8,7.03
1976-09-01,1976,9,6.79
1976-10-01,1976,10,1.12
1976-11-01,1976,11,2.9
1976-12-01,1976,12,1.77
1977-01-01,1977,1,7.25
1977-02-01,1977,2,3.81
1977-03-01,1977,3,7.74
1977-04-01,1977,4,11.08
1977-05-01,1977,5,13.99
1977-06-01,1977,6,10.19
1977-07-01,1977,7,7.75
1977-08-01,1977,8,10.62
1977-09-01,1977,9,1.96
1977-10-01,1977,10,0.0
1977-11-01,1977,11,3.74
1977-12-01,1977,12,2.39
1978-01-01,1978,1,3.05
1978-02-01,1978,2,8.51
1978-03-01,1978,3,9.58
1978-04-01,1978,4,9.43
1978-05-01,1978,5,8.54
1978-06-01,1978,6,12.31
1978-07-01,1978,7,10.4
1978-08-01,1978,8,6.9
1978-09-01,1978,9,8.79
1978-10-01,1978,10,1.49
1978-11-01,1978,11,0.05
1978-12-01,1978,12,2.25
1979-01-01,1979,1,5.25
1979-02-01,1979,2,7.83
1979-03-01,1979,3,8.86
1979-04-01,1979,4,11.51
1979-05-01,1979,5,8.84
1979-06-01,1979,6,13.7
1979-07-01,1979,7,9.18
1979-08-01,1979,8,9.58
1979-09-01,1979,9,6.03
1979-10-01,1979,10,4.79
1979-11-01,1979,11,4.48
1979-12-01,1979,12,4.78
1980-01-01,1980,1,6.89
1980-02-01,1980,2,10.26
1980-03-01,1980,3,9.99
1980-04-01,1980,4,12.48
1980-05-01,1980,5,11.42
1980-06-01,1980,6,13.94
1980-07-01,1980,7,8.25
1980-08-01,1980,8,11.2
1980-09-01,1980,9,5.52
1980-10-01,1980,10,1.27
1980-11-01,1980,11,3.86
1980-12-01,1980,12,2.77
1981-01-01,1981,1,7.54
1981-02-01,1981,2,6.55
1981-03-01,1981,3,8.96
1981-04-01,1981,4,7.54
1981-05-01,1981,5,10.95
1981-06-01,1981,6,6.47
1981-07-01,1981,7,6.69
1981-08-01,1981,8,9.38
1981-09-01,1981,9,7.43
1981-10-01,1981,10,5.24
1981-11-01,1981,11,1.92
1981-12-01,1981,12,4.3
1982-01-01,1982,1,6.1
1982-02-01,1982,2,5.79
1982-03-01,1982,3,13.11
1982-04-01,1982,4,13.32
1982-05-01,1982,5,11.66
1982-06-01,1982,6,11.62
1982-07-01,1982,7,10.52
1982-08-01,1982,8,4.02
1982-09-01,1982,9,5.61
1982-10-01,1982,10,3.28
1982-11-01,1982,11,2.1
1982-12-01,1982,12,4.08
1983-01-01,1983,1,9.94
1983-02-01,1983,2,9.62
1983-03-01,1983,3,9.2
1983-04-01,1983,4,12.95
1983-05-01,1983,5,15.14
1983-06-01,1983,6,13.65
1983-07-01,1983,7,10.46
1983-08-01,1983,8,7.05
1983-09-01,1983,9,7.74
1983-10-01,1983,10,5.66
1983-11-01,1983,11,6.13
1983-12-01,1983,12,6.15
1984-01-01,1984,1,8.66
1984-02-01,1984,2,7.49
1984-03-01,1984,3,13.2
1984-04-01,1984,4,12.42
1984-05-01,1984,5,16.71
1984-06-01,1984,6,10.65
1984-07-01,1984,7,14.03
1984-08-01,1984,8,8.96
1984-09-01,1984,9,5.26
1984-10-01,1984,10,4.13
1984-11-01,1984,11,3.92
1984-12-01,1984,12,5.95
1985-01-01,1985,1,7.81
1985-02-01,1985,2,7.61
1985-03-01,1985,3,10.71
1985-04-01,1985,4,16.51
1985-05-01,1985,5,16.22
1985-06-01,1985,6,13.1
1985-07-01,1985,7,10.84
1985-08-01,1985,8,9.0
1985-09-01,1985,9,7.99
1985-10-01,1985,10,3.25
1985-11-01,1985,11,4.25
1985-12-01,1985,12,1.96
1986-01-01,1986,1,7.73
1986-02-01,1986,2,10.23
1986-03-01,1986,3,9.97
1986-04-01,1986,4,15.55
1986-05-01,1986,5,10.48
1986-06-01,1986,6,9.47
1986-07-01,1986,7,11.38
1986-08-01,1986,8,11.03
1986-09-01,1986,9,10.3
1986-10-01,1986,10,4.55
1986-11-01,1986,11,7.09
1986-12-01,1986,12,5.39
1987-01-01,1987,1,6.73
1987-02-01,1987,2,10.84
1987-03-01,1987,3,12.38
1987-04-01,1987,4,9.39
1987-05-01,1987,5,16.03
1987-06-01,1987,6,15.3
1987-07-01,1987,7,9.83
1987-08-01,1987,8,9.87
1987-09-01,1987,9,8.06
1987-10-01,1987,10,6.13
1987-11-01,1987,11,3.98
1987-12-01,1987,12,4.27
1988-01-01,1988,1,7.14
1988-02-01,1988,2,11.53
1988-03-01,1988,3,12.27
1988-04-01,1988,4,11.91
1988-05-01,1988,5,14.73
1988-06-01,1988,6,6.95
1988-07-01,1988,7,13.48
1988-08-01,1988,8,5.71
1988-09-01,1988,9,6.46
1988-10-01,1988,10,3.48
1988-11-01,1988,11,2.6
1988-12-01,1988,12,8.04
1989-01-01,1989,1,6.33
1989-02-01,1989,2,9.95
1989-03-01,1989,3,11.17
1989-04-01,1989,4,13.68
1989-05-01,1989,5,13.42
1989-06-01,1989,6,10.16
1989-07-01,1989,7,13.25
1989-08-01,1989,8,8.27
1989-09-01,1989,9,4.15
1989-10-01,1989,10,4.94
1989-11-01,1989,11,8.26
1989-12-01,1989,12,7.5
1990-01-01,1990,1,6.6
1990-02-01,1990,2,8.6
1990-03-01,1990,3,10.66
1990-04-01,1990,4,16.92
1990-05-01,1990,5,14.06
1990-06-01,1990,6,13.62
1990-07-01,1990,7,13.36
1990-08-01,1990,8,9.78
1990-09-01,1990,9,6.78
1990-10-01,1990,10,5.44
1990-11-01,1990,11,5.16
1990-12-01,1990,12,5.76
1991-01-01,1991,1,8.76
1991-02-01,1991,2,9.41
1991-03-01,1991,3,12.77
1991-04-01,1991,4,12.6
1991-05-01,1991,5,13.46
1991-06-01,1991,6,8.77
1991-07-01,1991,7,13.13
1991-08-01,1991,8,9.99
1991-09-01,1991,9,9.3
1991-10-01,1991,10,0.04
1991-11-01,1991,11,9.48
1991-12-01,1991,12,5.56
1992-01-01,1992,1,9.48
1992-02-01,1992,2,7.19
1992-03-01,1992,3,12.49
1992-04-01,1992,4,10.62
1992-05-01,1992,5,12.02
1992-06-01,1992,6,16.56
1992-07-01,1992,7,10.89
1992-08-01,1992,8,9.7
1992-09-01,1992,9,9.01
1992-10-01,1992,10,6.79
1992-11-01,1992,11,5.57
1992-12-01,1992,12,6.53
1993-01-01,1993,1,12.0
1993-02-01,1993,2,9.08
1993-03-01,1993,3,11.6
1993-04-01,1993,4,14.76
1993-05-01,1993,5,15.41
1993-06-01,1993,6,15.03
1993-07-01,1993,7,12.47
1993-08-01,1993,8,6.91
1993-09-01,1993,9,10.46
1993-10-01,1993,10,3.44
1993-11-01,1993,11,5.8
1993-12-01,1993,12,4.22
1994-01-01,1994,1,6.97
1994-02-01,1994,2,9.75
1994-03-01,1994,3,11.74
1994-04-01,1994,4,13.4
1994-05-01,1994,5,16.32
1994-06-01,1994,6,13.46
1994-07-01,1994,7,10.61
1994-08-01,1994,8,11.02
1994-09-01,1994,9,9.47
1994-10-01,1994,10,3.17
1994-11-01,1994,11,6.29
1994-12-01,1994,12,7.03
1995-01-01,1995,1,6.37
1995-02-01,1995,2,11.71
1995-03-01,1995,3,10.66
1995-04-01,1995,4,12.68
1995-05-01,1995,5,12.61
1995-06-01,1995,6,12.46
1995-07-01,1995,7,8.77
1995-08-01,1995,8,6.08
1995-09-01,1995,9,10.15
1995-10-01,1995,10,3.8
1995-11-01,1995,11,2.98
1995-12-01,1995,12,1.19
1996-01-01,1996,1,5.52
1996-02-01,1996,2,6.16
1996-03-01,1996,3,14.09
1996-04-01,1996,4,14.29
1996-05-01,1996,5,11.43
1996-06-01,1996,6,16.77
1996-07-01,1996,7,12.77
1996-08-01,1996,8,8.15
1996-09-01,1996,9,1.8
1996-10-01,1996,10,9.92
1996-11-01,1996,11,2.02
1996-12-01,1996,12,2.05
1997-01-01,1997,1,8.67
1997-02-01,1997,2,13.5
1997-03-01,1997,3,13.39
1997-04-01,1997,4,13.21
1997-05-01,1997,5,13.81
1997-06-01,1997,6,13.79
1997-07-01,1997,7,12.14
1997-08-01,1997,8,9.18
1997-09-01,1997,9,6.83
1997-10-01,1997,10,5.03
1997-11-01,1997,11,3.11
1997-12-01,1997,12,4.6
1998-01-01,1998,1,3.04
1998-02-01,1998,2,8.23
1998-03-01,1998,3,8.45
1998-04-01,1998,4,9.68
1998-05-01,1998,5,12.78
1998-06-01,1998,6,14.67
1998-07-01,1998,7,12.26
1998-08-01,1998,8,5.28
1998-09-01,1998,9,4.44
1998-10-01,1998,10,6.84
1998-11-01,1998,11,2.46
1998-12-01,1998,12,4.51
1999-01-01,1999,1,7.31
1999-02-01,1999,2,6.28
1999-03-01,1999,3,10.43
1999-04-01,1999,4,9.01
1999-05-01,1999,5,11.01
1999-06-01,1999,6,12.32
1999-07-01,1999,7,7.03
1999-08-01,1999,8,9.1
1999-09-01,1999,9,6.18
1999-10-01,1999,10,5.86
1999-11-01,1999,11,4.66
1999-12-01,1999,12,7.48
2000-01-01,2000,1,6.25
2000-02-01,2000,2,7.14
2000-03-01,2000,3,10.24
2000-04-01,2000,4,12.55
2000-05-01,2000,5,12.1
2000-06-01,2000,6,11.55
2000-07-01,2000,7,8.6
2000-08-01,2000,8,6.67
2000-09-01,2000,9,3.19
2000-10-01,2000,10,8.04
2000-11-01,2000,11,1.51
2000-12-01,2000,12,3.15
2001-01-01,2001,1,4.35
2001-02-01,2001,2,9.58
2001-03-01,2001,3,9.2
2001-04-01,2001,4,13.74
2001-05-01,2001,5,10.44
2001-06-01,2001,6,11.81
2001-07-01,2001,7,8.11
2001-08-01,2001,8,12.08
2001-09-01,2001,9,3.41
2001-10-01,2001,10,4.94
2001-11-01,2001,11,5.05
2001-12-01,2001,12,5.15
2002-01-01,2002,1,5.21
2002-02-01,2002,2,7.32
2002-03-01,2002,3,9.66
2002-04-01,2002,4,10.75
2002-05-01,2002,5,13.5
2002-06-01,2002,6,15.46
2002-07-01,2002,7,8.46
2002-08-01,2002,8,4.84
2002-09-01,2002,9,5.4
2002-10-01,2002,10,9.27
2002-11-01,2002,11,1.97
2002-12-01,2002,12,7.39
2003-01-01,2003,1,8.73
2003-02-01,2003,2,6.27
2003-03-01,2003,3,10.52
2003-04-01,2003,4,14.1
2003-05-01,2003,5,10.62
2003-06-01,2003,6,10.44
2003-07-01,2003,7,8.22
2003-08-01,2003,8,5.35
2003-09-01,2003,9,4.08
2003-10-01,2003,10,1.47
2003-11-01,2003,11,3.45
2003-12-01,2003,12,2.37
2004-01-01,2004,1,5.67
2004-02-01,2004,2,4.09
2004-03-01,2004,3,9.86
2004-04-01,2004,4,12.33
2004-05-01,2004,5,7.21
2004-06-01,2004,6,11.41
2004-07-01,2004,7,11.65
2004-08-01,2004,8,4.78
2004-09-01,2004,9,8.54
2004-10-01,2004,10,4.57
2004-11-01,2004,11,1.79
2004-12-01,2004,12,3.62
2005-01-01,2005,1,6.16
2005-02-01,2005,2,7.19
2005-03-01,2005,3,10.12
2005-04-01,2005,4,8.66
2005-05-01,2005,5,11.38
2005-06-01,2005,6,7.68
2005-07-01,2005,7,8.82
2005-08-01,2005,8,5.23
2005-09-01,2005,9,3.57
2005-10-01,2005,10,6.05
2005-11-01,2005,11,5.22
2005-12-01,2005,12,4.79
2006-01-01,2006,1,2.72
2006-02-01,2006,2,6.27
2006-03-01,2006,3,11.33
2006-04-01,2006,4,10.65
2006-05-01,2006,5,15.55
2006-06-01,2006,6,11.16
2006-07-01,2006,7,9.29
2006-08-01,2006,8,6.29
2006-09-01,2006,9,5.17
2006-10-01,2006,10,3.14
2006-11-01,2006,11,4.32
2006-12-01,2006,12,5.36
2007-01-01,2007,1,3.23
2007-02-01,2007,2,4.14
2007-03-01,2007,3,5.13
2007-04-01,2007,4,11.28
2007-05-01,2007,5,8.6
2007-06-01,2007,6,5.96
2007-07-01,2007,7,9.58
2007-08-01,2007,8,11.79
2007-09-01,2007,9,4.79
2007-10-01,2007,10,5.02
2007-11-01,2007,11,2.97
2007-12-01,2007,12,3.14
2008-01-01,2008,1,6.57
2008-02-01,2008,2,6.15
2008-03-01,2008,3,9.27
2008-04-01,2008,4,10.84
2008-05-01,2008,5,9.4
2008-06-01,2008,6,12.18
2008-07-01,2008,7,8.38
2008-08-01,2008,8,5.22
2008-09-01,2008,9,5.81
2008-10-01,2008,10,1.47
2008-11-01,2008,11,2.79
2008-12-01,2008,12,3.25
2009-01-01,2009,1,6.87
2009-02-01,2009,2,7.65
2009-03-01,2009,3,8.65
2009-04-01,2009,4,11.8
2009-05-01,2009,5,13.48
2009-06-01,2009,6,11.28
2009-07-01,2009,7,8.72
2009-08-01,2009,8,4.07
2009-09-01,2009,9,2.57
2009-10-01,2009,10,2.62
2009-11-01,2009,11,1.48
2009-12-01,2009,12,2.86
2010-01-01,2010,1,4.81
2010-02-01,2010,2,7.76
2010-03-01,2010,3,8.56
2010-04-01,2010,4,11.14
2010-05-01,2010,5,10.83
2010-06-01,2010,6,6.21
2010-07-01,2010,7,6.82
2010-08-01,2010,8,6.41
2010-09-01,2010,9,2.28
2010-10-01,2010,10,4.44
2010-11-01,2010,11,5.76
2010-12-01,2010,12,5.67
2011-01-01,2011,1,4.31
2011-02-01,2011,2,9.72
2011-03-01,2011,3,9.04
2011-04-01,2011,4,9.53
2011-05-01,2011,5,9.51
2011-06-01,2011,6,9.6
2011-07-01,2011,7,7.96
2011-08-01,2011,8,7.08
2011-09-01,2011,9,5.06
2011-10-01,2011,10,3.28
2011-11-01,2011,11,3.61
2011-12-01,2011,12,5.66
2012-01-01,2012,1,6.71
2012-02-01,2012,2,3.84
2012-03-01,2012,3,3.71
2012-04-01,2012,4,12.15
2012-05-01,2012,5,8.08
2012-06-01,2012,6,9.83
2012-07-01,2012,7,6.47
2012-08-01,2012,8,3.21
2012-09-01,2012,9,5.9
2012-10-01,2012,10,4.87
2012-11-01,2012,11,1.66
2012-12-01,2012,12,0.0
2013-01-01,2013,1,3.83
2013-02-01,2013,2,7.71
2013-03-01,2013,3,5.97
2013-04-01,2013,4,10.75
2013-05-01,2013,5,10.89
2013-06-01,2013,6,11.55
2013-07-01,2013,7,9.16
2013-08-01,2013,8,4.98
2013-09-01,2013,9,7.32
2013-10-01,2013,10,3.14
2013-11-01,2013,11,2.87
2013-12-01,2013,12,1.59
2014-01-01,2014,1,4.18
2014-02-01,2014,2,5.3
2014-03-01,2014,3,8.72
2014-04-01,2014,4,13.95
2014-05-01,2014,5,8.32
2014-06-01,2014,6,7.3
2014-07-01,2014,7,12.01
2014-08-01,2014,8,6.65
2014-09-01,2014,9,3.73
2014-10-01,2014,10,5.68
2014-11-01,2014,11,1.86
2014-12-01,2014,12,7.25
2015-01-01,2015,1,6.6
2015-02-01,2015,2,6.26
2015-03-01,2015,3,13.55
2015-04-01,2015,4,9.49
2015-05-01,2015,5,12.72
2015-06-01,2015,6,11.3
2015-07-01,2015,7,11.84
2015-08-01,2015,8,10.36
2015-09-01,2015,9,5.3
2015-10-01,2015,10,2.27
2015-11-01,2015,11,4.16
2015-12-01,2015,12,2.42
2016-01-01,2016,1,9.47
2016-02-01,2016,2,7.71
2016-03-01,2016,3,8.71
2016-04-01,2016,4,11.27
2016-05-01,2016,5,8.74
2016-06-01,2016,6,8.96
2016-07-01,2016,7,11.84
2016-08-01,2016,8,6.12
2016-09-01,2016,9,3.34
2016-10-01,2016,10,5.05
2016-11-01,2016,11,5.81
2016-12-01,2016,12,5.41
2017-01-01,2017,1,7.65
2017-02-01,2017,2,6.15
2017-03-01,2017,3,6.82
2017-04-01,2017,4,14.13
2017-05-01,2017,5,11.01
2017-06-01,2017,6,10.62
2017-07-01,2017,7,12.32
2017-08-01,2017,8,8.77
2017-09-01,2017,9,6.57
2017-10-01,2017,10,8.52
2017-11-01,2017,11,2.37
2017-12-01,2017,12,6.05
2018-01-01,2018,1,6.01
2018-02-01,2018,2,8.43
2018-03-01,2018,3,12.95
2018-04-01,2018,4,12.38
2018-05-01,2018,5,12.97
2018-06-01,2018,6,13.51
2018-07-01,2018,7,9.17
2018-08-01,2018,8,6.22
2018-09-01,2018,9,3.81
2018-10-01,2018,10,0.5
2018-11-01,2018,11,8.01
2018-12-01,2018,12,2.23
2019-01-01,2019,1,5.7
2019-02-01,2019,2,7.59
2019-03-01,2019,3,10.76
2019-04-01,2019,4,13.24
2019-05-01,2019,5,13.87
2019-06-01,2019,6,10.44
2019-07-01,2019,7,9.81
2019-08-01,2019,8,8.71
2019-09-01,2019,9,5.65
2019-10-01,2019,10,7.9
2019-11-01,2019,11,5.13
2019-12-01,2019,12,6.15
2020-01-01,2020,1,7.73
2020-02-01,2020,2,10.75
2020-03-01,2020,3,10.76
2020-04-01,2020,4,9.27
2020-05-01,2020,5,13.2
2020-06-01,2020,6,10.56
2020-07-01,2020,7,9.34
2020-08-01,2020,8,9.57
2020-09-01,2020,9,8.88
2020-10-01,2020,10,4.98
2020-11-01,2020,11,5.02
2020-12-01,2020,12,8.34
2021-01-01,2021,1,7.14
2021-02-01,2021,2,13.86
2021-03-01,2021,3,11.79
2021-04-01,2021,4,8.6
2021-05-01,2021,5,14.16
2021-06-01,2021,6,12.88
2021-07-01,2021,7,13.23
2021-08-01,2021,8,10.0
2021-09-01,2021,9,6.38
2021-10-01,2021,10,2.74
2021-11-01,2021,11,4.24
2021-12-01,2021,12,3.49
2022-01-01,2022,1,5.74
2022-02-01,2022,2,10.08
2022-03-01,2022,3,14.24
2022-04-01,2022,4,13.16
2022-05-01,2022,5,10.51
2022-06-01,2022,6,13.26
2022-07-01,2022,7,13.3
2022-08-01,2022,8,7.68
2022-09-01,2022,9,6.64
2022-10-01,2022,10,5.47
2022-11-01,2022,11,3.33
2022-12-01,2022,12,6.74
2023-01-01,2023,1,6.9
2023-02-01,2023,2,9.98
2023-03-01,2023,3,9.37
2023-04-01,2023,4,11.73
2023-05-01,2023,5,14.59
2023-06-01,2023,6,11.86
2023-07-01,2023,7,14.59
2023-08-01,2023,8,8.34
2023-09-01,2023,9,7.59
2023-10-01,2023,10,7.54
2023-11-01,2023,11,2.3
2023-12-01,2023,12,2.16
2024-01-01,2024,1,4.31
2024-02-01,2024,2,11.89
2024-03-01,2024,3,10.26
2024-04-01,2024,4,17.94
2024-05-01,2024,5,12.23
2024-06-01,2024,6,13.19
2024-07-01,2024,7,14.45
2024-08-01,2024,8,13.37
2024-09-01,2024,9,11.48
2024-10-01,2024,10,8.31
2024-11-01,2024,11,7.41
2024-12-01,2024,12,7.08
2025-01-01,2025,1,9.12
2025-02-01,2025,2,8.46
2025-03-01,2025,3,9.92
2025-04-01,2025,4,13.02
2025-05-01,2025,5,13.22
2025-06-01,2025,6,12.12
2025-07-01,2025,7,12.95
2025-08-01,2025,8,11.47
2025-09-01,2025,9,7.74
2025-10-01,2025,10,9.05
2025-11-01,2025,11,3.28
